{
  "project_info": {
    "project_number": "70677860733",
    "project_id": "hardaliapp",
    "storage_bucket": "hardaliapp.appspot.com"
  },
  "client": [
    {
      "client_info": {
        "mobilesdk_app_id": "1:70677860733:android:37efa270618eaee4a53c14",
        "android_client_info": {
          "package_name": "com.dmatsanganis.hardaliapp"
        }
      },
      "oauth_client": [
        {
          "client_id": "70677860733-q4t4uroce4iib82gf6ccbifd9l9fqvtf.apps.googleusercontent.com",
          "client_type": 3
        }
      ],
      "api_key": [
        {
          "current_key": "AIzaSyBZh3gpe_RZA5vdHQZoouTAkPEuVWvNoDM"
        }
      ],
      "services": {
        "appinvite_service": {
          "other_platform_oauth_client": [
            {
              "client_id": "70677860733-q4t4uroce4iib82gf6ccbifd9l9fqvtf.apps.googleusercontent.com",
              "client_type": 3
            }
          ]
        }
      }
    }
  ],
  "configuration_version": "1"
}